"id","scientificName","State","recordedBy","year"
56661501,"COCCINELLIDAE","Illinois","Freed, J.M.",1992
56661512,"COCCINELLIDAE","Illinois","Wilson K.",2008
56664507,"COCCINELLIDAE","Illinois","Burke D.",1988
56664508,"COCCINELLIDAE","Illinois","Keator S.",1974
56664509,"COCCINELLIDAE","Illinois","Mekus Kathy",1972
56664511,"COCCINELLIDAE","Iowa","DeVoss Marley; Tierney Brosius",2018
56664515,"COCCINELLIDAE","Illinois","Frese H.",1997
56664527,"COCCINELLIDAE","Illinois","Gurrieri B",1986
56664533,"COCCINELLIDAE","Illinois","Gonzalez M",1997
56664539,"CHILOCORUS STIGMA","Montana","Larson I.W.",1993
56664541,"CHILOCORUS STIGMA","Illinois","Dishno T.",1994
56665711,"CHILOCORUS STIGMA","Illinois","Bawden C.",1971
56665712,"CHILOCORUS STIGMA","Illinois","Lingwall M. J.",1970
56665713,"HIPPODAMIA CONVERGENS","Colorado","Larson I.W.",1970
56665747,"HIPPODAMIA CONVERGENS","Colorado","Larson I.W.",1981
56665752,"HIPPODAMIA CONVERGENS","Illinois","Barnet M.",1974
56665762,"HIPPODAMIA CASEYI","Kansas","Larson I.W.",1956
56665771,"HIPPODAMIA CONVERGENS","Illinois","Canty T. C.",1970
56665774,"HIPPODAMIA PARENTHESIS","Illinois","Carlson C. A.",1965
56665777,"HIPPODAMIA PARENTHESIS","Illinois","Simonis R.",1978
56665787,"HIPPODAMIA TREDECIMPUNCTATA","Illinois","Carlson C. A.",1965
56665789,"HIPPODAMIA TREDECIMPUNCTATA","Illinois","Carlson C. A.",1965
56665795,"HIPPODAMIA TREDECIMPUNCTATA","Illinois","Lindquist A.",1972
56667624,"BRACHIACANTHA URSINA","Illinois","Schroder S. W.",1975
56667633,"BRACHIACANTHA URSINA","Illinois","Carlson C. A.",1966
56667640,"BRACHIACANTHA URSINA","Illinois","Tindall Joe",1965
56667646,"BRACHIACANTHA URSINA","Illinois","Tindall Joe",1965
56667650,"BRACHIACANTHA URSINA","Illinois","Carlson C. A.",1966
56667653,"BRACHIACANTHA URSINA","Illinois","Yazsec J.",1976
56667658,"BRACHIACANTHA URSINA","Illinois","Bennett S.",1975
56667660,"BRACHIACANTHA URSINA","Iowa","Swiff J.",1986
56682390,"PSYLLOBORA VIGINTIMACULATA","Illinois","Yazsec J.",1976
56682393,"PSYLLOBORA VIGINTIMACULATA","Illinois","Domlgaen D.J.",1970
56682397,"PSYLLOBORA VIGINTIMACULATA","Illinois","Dahlgren D.J.",1970
57239600,"COCCINELLIDAE","Illinois","Mekus G.I.",1970
57306011,"COLEOMEGILLA MACULATA FUSCILABRIS","Minnesota","Larson I. W.",1953
57306030,"CYCLONEDA SANGUINEA LIMBIFER","Illinois","Carlson C.",1965
57306031,"COLEOMEGILLA MACULATA FUSCILABRIS","Illinois","KOURAKOS J. N.",1970
57306032,"CYCLONEDA SANGUINEA LIMBIFER","Illinois","Nelson A.",1970
57306033,"COLEOMEGILLA MACULATA FUSCILABRIS","Illinois","LEHMANN W. G.",1970
57306034,"CYCLONEDA SANGUINEA LIMBIFER","Illinois","Carlson C.A.",1965
57306035,"ANATIS MALI","Minnesota","LARSON I. W.",1955
57306037,"OLLA V-NIGRUM","Illinois","Brugge D.",1974
57306038,"ANATIS LABICULATA","Illinois","Carlson C. A.",1964
57306039,"OLLA V-NIGRUM","Illinois","Brugge D.",1974
57306040,"ANATIS LABICULATA","Minnesota","LARSON I. W.",1955
57306041,"OLLA V-NIGRUM","Illinois","Carter J.",1974
57306043,"ANATIS LABICULATA","Michigan","LARSON I. W.",1955
57306044,"ADALIA BIPUNCTATA","Illinois","Makus G. I.",1970
57306045,"ADALIA BIPUNCTATA","Illinois","KOURAKOS J. N.",1970
57306046,"ADALIA BIPUNCTATA","Illinois","Barnett M.",1974
57306047,"COCCINELLA TRANSVERSOGUTTATA","Minnesota","Larson I.W.",1980
57306050,"COCCINELLA TRANSVERSOGUTTATA","Minnesota","Larson I.W.",1980
57306054,"EPILACHNA VARIVESTIS","Illinois","Herzfeldt R. R.",1970
57306057,"EPILACHNA VARIVESTIS","Illinois","Mekus K.",1972
57306059,"EPILACHNA VARIVESTIS","Illinois","Fusco B.",1972
57306061,"HYPERASPIS SIGNATA","Kansas","Larson I.W.",1983
57306064,"PSYLLOBORA VIGINTIMACULATA","Illinois","Miller S.",1980
57306065,"PSYLLOBORA VIGINTIMACULATA","Illinois","Trick C.",1980
57306067,"COLEOMEGILLA MACULATA","Illinois","Tamplin J.",1983
57306069,"PSYLLOBORA VIGINTIMACULATA","Illinois","Deip R.",1976
57306070,"COLEOMEGILLA MACULATA","Illinois","Rigdon S.",1982
57306072,"COLEOMEGILLA MACULATA","Iowa","Lavelle S.",2016
57306074,"COLEOMEGILLA MACULATA","Illinois","Dulaney S.",1980
57306075,"COLEOMEGILLA MACULATA","Illinois","Solberg L.",1982
57306076,"COLEOMEGILLA MACULATA","Illinois","Dulaney S.",1980
57306077,"COLEOMEGILLA MACULATA","Iowa","Claeys C.",1995
57306078,"COLEOMEGILLA MACULATA","Illinois","Clark",1999
57306079,"COLEOMEGILLA MACULATA","Illinois","Rigdon S.",1982
57306080,"COLEOMEGILLA MACULATA","Illinois","Grinnan",1999
57306081,"COLEOMEGILLA MACULATA","Illinois","Young B. A.",1980
57306082,"COLEOMEGILLA MACULATA","Illinois","Cohen E.",1965
57306083,"COLEOMEGILLA MACULATA","Illinois","Carlson C. A.",1965
57306085,"COLEOMEGILLA MACULATA","Illinois","Bork A.",1997
57306086,"COLEOMEGILLA MACULATA","Illinois","Koelling K.",1999
57306089,"COLEOMEGILLA MACULATA","Illinois","Bassler M.",1981
57306093,"COLEOMEGILLA MACULATA","Illinois","Good B.",2008
57306096,"COLEOMEGILLA MACULATA","Illinois","Blakle J.",1976
57306097,"COLEOMEGILLA MACULATA","Illinois","Munson R. C.",1970
57306100,"COLEOMEGILLA MACULATA","Illinois","Carlson C. A.",1965
57306105,"COLEOMEGILLA MACULATA","Illinois","Galers H.",1984
57306106,"COLEOMEGILLA MACULATA","Illinois","Hutchins K.",1977
57306111,"COLEOMEGILLA MACULATA","Illinois","Gerasch Andrew",2018
57306114,"COLEOMEGILLA MACULATA","Illinois","Natzite R. A.",1986
57306118,"COLEOMEGILLA MACULATA","Illinois","Campacona J.",1976
57306123,"COLEOMEGILLA MACULATA","Illinois","Martinez B.",1986
57306133,"COLEOMEGILLA MACULATA","Illinois","Johnson A.",1982
57306134,"COLEOMEGILLA MACULATA","Illinois","Gevac S.",1976
57306135,"COLEOMEGILLA MACULATA","Illinois","Burke K.",1986
57306136,"COLEOMEGILLA MACULATA","Illinois","Triebs E.",1980
57306137,"COLEOMEGILLA MACULATA","Illinois","Carlson C. A.",1965
57306138,"COLEOMEGILLA MACULATA","Illinois","Ebert J.",1999
57306158,"COLEOMEGILLA MACULATA","Illinois","Lindquist A.",1972
57306159,"COLEOMEGILLA MACULATA","Illinois","Benson B.",1985
57306160,"COLEOMEGILLA MACULATA","Illinois","O'Shea K.",1982
57306161,"COLEOMEGILLA MACULATA","Illinois","Faivre",1997
57306163,"COLEOMEGILLA MACULATA","Illinois","Decker R.",1999
57306165,"COLEOMEGILLA MACULATA","Illinois","Guerrian B.",1986
57306177,"CHILOCORUS STIGMA","Illinois","Bassler M.",1981
57306178,"ADALIA BIPUNCTATA","Illinois","Sweet J. A.",1970
57306181,"ADALIA BIPUNCTATA","Iowa","Carlson C. A.",1965
57306183,"ADALIA BIPUNCTATA","Illinois","Dulaney S.",1980
57306184,"ADALIA BIPUNCTATA","Illinois","Makus G. I.",1970
57306186,"ADALIA BIPUNCTATA","Iowa","Carlson C. A.",1965
57306189,"ADALIA BIPUNCTATA","Illinois","Loueh S.",1975
57306190,"ADALIA BIPUNCTATA","Illinois","",1970
57306193,"ADALIA BIPUNCTATA","Illinois","Lamdahl",1970
57306195,"ADALIA BIPUNCTATA","Iowa","Carlson C. A.",1959
57306198,"ADALIA BIPUNCTATA","Iowa","Carlson C. A.",1965
57306199,"ADALIA BIPUNCTATA","Iowa","Carlson C. A.",1965
57306204,"HIPPODAMIA CONVERGENS","Illinois","Carlson C. A.",1965
57306208,"HIPPODAMIA CONVERGENS","Illinois","Ehles H.",1984
57306212,"HIPPODAMIA CONVERGENS","Illinois","Carlson C. A.",1965
57306218,"HIPPODAMIA CONVERGENS","Illinois","Wym Bob",1974
57306219,"HIPPODAMIA CONVERGENS","Illinois","Hunnicutt D.",1984
57306220,"HIPPODAMIA CONVERGENS","Illinois","Carlson C. A.",1964
57306221,"HIPPODAMIA CONVERGENS","Illinois","Carlson C. A.",1965
57306222,"CYCLONEDA SANGUINEA","Illinois","Camdaomla J.",1970
57306224,"CYCLONEDA SANGUINEA","Illinois","Wright",1996
57306225,"CYCLONEDA SANGUINEA","Illinois","Hartz D.",1974
57306226,"CYCLONEDA SANGUINEA","Illinois","Carlson C. A.",1965
57306227,"CYCLONEDA SANGUINEA","Illinois","Stambolis",1970
57306228,"CYCLONEDA SANGUINEA","Illinois","LEHMANN W. G.",1970
57306229,"CYCLONEDA SANGUINEA","Illinois","Tindall Joe",1965
57306230,"CYCLONEDA SANGUINEA","Minnesota","LARSON I. W.",1980
57306231,"CYCLONEDA SANGUINEA","Illinois","Dahlgren D. J.",1970
57306232,"CYCLONEDA SANGUINEA","Illinois","Canty T. C.",1970
57306233,"CYCLONEDA SANGUINEA","Illinois","Carlson C. A.",1964
57306234,"CYCLONEDA SANGUINEA","Illinois","Zhorne A.",2003
57306235,"CYCLONEDA SANGUINEA","Illinois","Sottos S.",1996
57306236,"CYCLONEDA SANGUINEA","Illinois","Yemm W.",1974
57306237,"HIPPODAMIA TREDECIMPUNCTATA","Illinois","Carlson C. A.",1965
57306238,"HIPPODAMIA TREDECIMPUNCTATA","Illinois","Bowden",1980
57306240,"HIPPODAMIA TREDECIMPUNCTATA","Illinois","Carlson C. A.",1965
57306241,"HIPPODAMIA TREDECIMPUNCTATA","Illinois","Carlson C. A.",1965
57306243,"HIPPODAMIA CONVERGENS","Illinois","Canty T. C.",1970
57306244,"HIPPODAMIA TREDECIMPUNCTATA","Illinois","Carlson C. A.",1965
57306612,"HIPPODAMIA CONVERGENS","Illinois","Bawden C.",1971
57306613,"HIPPODAMIA CONVERGENS","Illinois","Newburg L.",1974
57306614,"HIPPODAMIA CONVERGENS","Illinois","Maxson J.",1974
57306617,"HIPPODAMIA CONVERGENS","Illinois","Anthony B.",1980
57306621,"HIPPODAMIA CONVERGENS","Illinois","Mekus G.I.",1970
57306622,"HIPPODAMIA CONVERGENS","Illinois","Carlson C.A.",1965
57306626,"HIPPODAMIA CONVERGENS","Illinois","Bushong A.",1996
57306628,"HIPPODAMIA CONVERGENS","Illinois","Hasbargen J. A.",1970
57306629,"HIPPODAMIA CONVERGENS","Illinois","Moore T.",1974
57306630,"HIPPODAMIA CONVERGENS","Illinois","Romano V.",1976
57306698,"COCCINELLA SEPTEMPUNCTATA","Illinois","",1988
57306700,"COCCINELLA SEPTEMPUNCTATA","Illinois","Adams J.",1997
57306703,"COCCINELLA SEPTEMPUNCTATA","Illinois","Johnson B.",1986
57306704,"COCCINELLA SEPTEMPUNCTATA","Illinois","Traezek G.",1988
57306708,"COCCINELLA SEPTEMPUNCTATA","Illinois","",1988
57306709,"COCCINELLA SEPTEMPUNCTATA","Illinois","Beatty J.",2000
57306714,"COCCINELLA SEPTEMPUNCTATA","Iowa","Bauwens J. A.",1986
57306717,"COCCINELLA SEPTEMPUNCTATA","Illinois","Moon S.",1996
57306720,"COCCINELLA SEPTEMPUNCTATA","Illinois","Natzke R. A.",1986
57306723,"COCCINELLA SEPTEMPUNCTATA","Illinois","Braynt J.",1990
57306725,"COCCINELLA SEPTEMPUNCTATA","Illinois","Claeys C.",1995
57306729,"COCCINELLA SEPTEMPUNCTATA","Illinois","Wemhold",1999
57306730,"COCCINELLA SEPTEMPUNCTATA","Illinois","Burke K.",1986
57306731,"COLEOMEGILLA MACULATA","Iowa","Cervantes V.",2021
57306733,"COLEOMEGILLA MACULATA","Iowa","Cervantes V.",2021
57306750,"COCCINELLA SEPTEMPUNCTATA","Illinois","Hagopian K.H.",1988
57306751,"COCCINELLA SEPTEMPUNCTATA","Illinois","Johnson G.",1986
57306752,"COLEOMEGILLA MACULATA","Iowa","Cervantes V.",2021
57306753,"COCCINELLA SEPTEMPUNCTATA","Illinois","Heckerson W.",1986
57306754,"COCCINELLA SEPTEMPUNCTATA","Illinois","Bond J.",1996
57306756,"COCCINELLA SEPTEMPUNCTATA","Illinois","Kackert C.C.",1986
57306757,"COLEOMEGILLA MACULATA","Iowa","M. Gorsegner",2021
57306758,"COCCINELLA SEPTEMPUNCTATA","Illinois","Wegner B.",1988
57306759,"COLEOMEGILLA MACULATA","Iowa","Olivia Ruffatto",2021
57306760,"COCCINELLA SEPTEMPUNCTATA","Illinois","Bridge S.",1999
57306761,"COCCINELLA SEPTEMPUNCTATA","Illinois","Vimmerman D.",1992
57306762,"COLEOMEGILLA MACULATA","Iowa","Hughes J.",2021
57306763,"COCCINELLA SEPTEMPUNCTATA","Illinois","Ynnkley D.",1997
57306764,"COLEOMEGILLA MACULATA","Iowa","Hughes J.",2021
57306765,"COCCINELLA SEPTEMPUNCTATA","Iowa","Barrantes A.",2018
57306766,"COLEOMEGILLA MACULATA","Iowa","Cervantes V.",2021
57306767,"COLEOMEGILLA MACULATA","Iowa","Cervantes V.",2021
57306769,"COLEOMEGILLA MACULATA","Iowa","Hughes J.",2021
57306770,"COLEOMEGILLA MACULATA","Iowa","Gorsegner M.",2021
57306771,"COLEOMEGILLA MACULATA","Iowa","Cervantes V.",2021
57306774,"COLEOMEGILLA MACULATA","Iowa","Hughes J.",2021
57306777,"PROPYLEA QUATUORDECIMPUNCTATA","Iowa","Cervantes V.",2021
57306779,"COLEOMEGILLA MACULATA","Iowa","Cervantes V.",2021
57306780,"PROPYLEA QUATUORDECIMPUNCTATA","Iowa","Gorsegner M.",2021
57306781,"COLEOMEGILLA MACULATA","Iowa","Ruffatto O.",2021
57306784,"HIPPODAMIA PARENTHESIS","Iowa","Cervantes V.",2021
57306787,"COLEOMEGILLA MACULATA","Iowa","Gorsegner M.",2021
57306789,"HARMONIA AXYRIDIS","Iowa","Ruffatto O.",2021
57306790,"HARMONIA AXYRIDIS","Iowa","Gorsegner M.",2021
57306791,"HARMONIA AXYRIDIS","Iowa","Ruffatto O.",2021
57306793,"HARMONIA AXYRIDIS","Iowa","Ruffatto O.",2021
57306795,"HARMONIA AXYRIDIS","Iowa","Gorsegner M.",2021
57306796,"HARMONIA AXYRIDIS","Iowa","Hughes J.",2021
57306797,"HARMONIA AXYRIDIS","Iowa","Cervantes V.",2021
57309177,"COLEOMEGILLA MACULATA","Iowa","O. Ruffatto",2021
57309178,"COLEOMEGILLA MACULATA","Iowa","M. Gorsegner",2021
57309180,"COLEOMEGILLA MACULATA","Iowa","V. Cervantes",2021
57309182,"HIPPODAMIA PARENTHESIS","Iowa","V. Cervantes",2021
57309184,"COLEOMEGILLA MACULATA","Iowa","O. Ruffatto",2021
57309189,"COLEOMEGILLA MACULATA","Iowa","J. Hughes",2021
57309191,"HIPPODAMIA CONVERGENS","Iowa","V. Cervantes",2021
57309193,"UNKNOWN","Iowa","M. Gorsegner",2021
57309196,"HIPPODAMIA PARENTHESIS","Iowa","O. Ruffatto",2021
57309200,"COLEOMEGILLA MACULATA","Iowa","V. Cervantes",2021
57309202,"COLEOMEGILLA MACULATA","Iowa","O. Ruffatto",2021
57309204,"COLEOMEGILLA MACULATA","Iowa","V. Cervantes",2021
57309206,"COLEOMEGILLA MACULATA","Iowa","V. Cervantes",2021
57309209,"COLEOMEGILLA MACULATA","Iowa","J. Hughes",2021
57309212,"COLEOMEGILLA MACULATA","Iowa","J. Hughes",2021
57309215,"COLEOMEGILLA MACULATA","Iowa","O. Ruffatto",2021
57309216,"HIPPODAMIA CONVERGENS","Iowa","V. Cervantes",2021
57309219,"HARMONIA AXYRIDIS","Iowa","V. Cervantes",2021
57309222,"HIPPODAMIA PARENTHESIS","Iowa","J. Hughes",2021
57309225,"HIPPODAMIA PARENTHESIS","Iowa","M. Gorsegner",2021
57309228,"HIPPODAMIA PARENTHESIS","Iowa","J. Hughes",2021
57309231,"HIPPODAMIA PARENTHESIS","Iowa","M. Gorsegner",2021
57309235,"HIPPODAMIA PARENTHESIS","Iowa","M. Gorsegner",2021
57309237,"HIPPODAMIA PARENTHESIS","Iowa","O. Ruffatto",2021
57309239,"HIPPODAMIA PARENTHESIS","Iowa","J. Hughes",2021
57309241,"COCCINELLA SEPTEMPUNCTATA","Iowa","O. Ruffatto",2021
57324587,"COLEOMEGILLA MACULATA","Iowa","O. Ruffatto",2021
57328683,"COLEOMEGILLA MACULATA","Iowa","J. Hughes",2021
57328684,"COLEOMEGILLA MACULATA","Iowa","M. Gorsegner",2021
57328685,"CYCLONEDA MUNDA","Iowa","J. Hughes",2021
57328686,"HIPPODAMIA PARENTHESIS","Iowa","V. Cervantes",2021
57328688,"HYPERASPIS UNDULATA","Iowa","M. Gorsegner",2021
57328689,"HYPERASPIS UNDULATA","Iowa","O. Ruffatto",2021
57328692,"COLEOMEGILLA MACULATA","Iowa","V. Cervantes",2021
57328694,"COLEOMEGILLA MACULATA","Iowa","M. Gorsegner",2021
57328696,"COLEOMEGILLA MACULATA","Iowa","J. Hughes",2021
57328697,"COLEOMEGILLA MACULATA","Iowa","V. Cervantes",2021
57328698,"COLEOMEGILLA MACULATA","Iowa","O. Ruffatto",2021
57328700,"COLEOMEGILLA MACULATA","Iowa","M. Gorsegner",2021
57328701,"COLEOMEGILLA MACULATA","Iowa","Olivia Ruffatto",2021
57328702,"COLEOMEGILLA MACULATA","Iowa","O. Ruffatto",2021
57328704,"COLEOMEGILLA MACULATA","Iowa","Olivia Ruffatto",2021
57328705,"COLEOMEGILLA MACULATA","Iowa","Jack Hughes",2021
57328707,"HIPPODAMIA PARENTHESIS","Iowa","Jack Hughes",2021
57328708,"COCCINELLA SEPTEMPUNCTATA","Iowa","V. Cervantes",2021
57328710,"HIPPODAMIA PARENTHESIS","Iowa","Jack Hughes",2021
57328711,"HIPPODAMIA PARENTHESIS","Iowa","M. Gorsegner",2021
57328712,"COLEOMEGILLA MACULATA","Iowa","V. Cervantes",2021
57328968,"HIPPODAMIA PARENTHESIS","Iowa","M. Gorsegner",2021
57328969,"HIPPODAMIA PARENTHESIS","Iowa","V. Cervantes",2021
57328970,"COLEOMEGILLA MACULATA","Iowa","J. Hughes",2021
57328971,"HIPPODAMIA CONVERGENS","Iowa","Jack Hughes",2021
57328972,"COLEOMEGILLA MACULATA","Iowa","M. Gorsegner",2021
57328973,"CYCLONEDA MUNDA","Iowa","J. Hughes",2021
57328974,"HIPPODAMIA PARENTHESIS","Iowa","V. Cervantes",2021
57328975,"CYCLONEDA MUNDA","Iowa","M. Gorsegner",2021
57328976,"CYCLONEDA MUNDA","Iowa","V. Cervantes",2021
57328977,"COLEOMEGILLA MACULATA","Iowa","M. Gorsegner",2021
57328978,"CYCLONEDA MUNDA","Iowa","J. Hughes",2021
57328979,"PROPYLEA QUATUORDECIMPUNCTATA","Iowa","Olivia Ruffatto",2021
57328980,"CYCLONEDA MUNDA","Iowa","O. Ruffatto",2021
57328981,"CYCLONEDA MUNDA","Iowa","V. Cervantes",2021
57328982,"COLEOMEGILLA MACULATA","Iowa","V. Cervantes",2021
57328983,"HARMONIA AXYRIDIS","Iowa","M. Gorsegner",2021
57328984,"COLEOMEGILLA MACULATA","Iowa","O. Ruffatto",2021
57328985,"COLEOMEGILLA MACULATA","Iowa","Olivia Ruffatto",2021
57328986,"COLEOMEGILLA MACULATA","Iowa","Jack Hughes",2021
57328987,"COLEOMEGILLA MACULATA","Iowa","M. Gorsegner",2021
57328988,"COLEOMEGILLA MACULATA","Iowa","V. Cervantes",2021
57328989,"COLEOMEGILLA MACULATA","Iowa","V. Cervantes",2021
57328990,"CYCLONEDA MUNDA","Iowa","V. Cervantes",2021
57328991,"COLEOMEGILLA MACULATA","Iowa","Jack Hughes",2021
57328992,"COLEOMEGILLA MACULATA","Iowa","M. Gorsegner",2021
57328993,"CYCLONEDA MUNDA","Iowa","M. Gorsegner",2021
57328994,"COLEOMEGILLA MACULATA","Iowa","Olivia Ruffatto",2021
57328995,"COLEOMEGILLA MACULATA","Iowa","V. Cervantes",2021
57328996,"COLEOMEGILLA MACULATA","Iowa","O. Ruffatto",2021
57328997,"CYCLONEDA MUNDA","Iowa","Jack Hughes",2021
57328999,"COLEOMEGILLA MACULATA","Iowa","J. Hughes",2021
57329000,"COLEOMEGILLA MACULATA","Iowa","Olivia Ruffatto",2021
57329001,"COLEOMEGILLA MACULATA","Iowa","O. Ruffatto",2021
57329002,"PSYLLOBORA VIGINTIMACULATA","Iowa","M. Gorsegner",2021
57329003,"COLEOMEGILLA MACULATA","Iowa","J. Hughes",2021
57329004,"CYCLONEDA MUNDA","Iowa","O. Ruffatto",2021
57329005,"COLEOMEGILLA MACULATA","Iowa","M. Gorsegner",2021
57333108,"HIPPODAMIA VARIEGATA","Iowa","Olivia Ruffatto",2021
57333109,"COLEOMEGILLA MACULATA","Iowa","V. Cervantes",2021
57333110,"HIPPODAMIA VARIEGATA","Iowa","M. Gorsegner",2021
57333514,"COLEOMEGILLA MACULATA","Illinois","V. Cervantes",2021
57333518,"COLEOMEGILLA MACULATA","Illinois","M. Gorsegner",2021
57333521,"COLEOMEGILLA MACULATA","Illinois","Jack Hughes",2021
57333523,"COLEOMEGILLA MACULATA","Illinois","Olivia Ruffatto",2021
57333527,"COLEOMEGILLA MACULATA","Illinois","V. Cervantes",2021
57333531,"COLEOMEGILLA MACULATA","Illinois","V. Cervantes",2021
57333532,"CYCLONEDA MUNDA","Illinois","M. Gorsegner",2021
57333534,"COLEOMEGILLA MACULATA","Illinois","Olivia Ruffatto",2021
57333535,"COLEOMEGILLA MACULATA","Illinois","Jack Hughes",2021
57333536,"PROPYLEA QUATUORDECIMPUNCTATA","Illinois","Jack Hughes",2021
57333539,"COLEOMEGILLA MACULATA","Illinois","V. Cervantes",2021
57333540,"COLEOMEGILLA MACULATA","Illinois","Olivia Ruffatto",2021
57333542,"COLEOMEGILLA MACULATA","Illinois","Olivia Ruffatto",2021
57333543,"COLEOMEGILLA MACULATA","Illinois","Jack Hughes",2021
57333546,"COLEOMEGILLA MACULATA","Illinois","",2021
57333551,"HARMONIA AXYRIDIS","Illinois","M. Gorsegner",2021
57333556,"HIPPODAMIA PARENTHESIS","Illinois","Jack Hughes",2021
57333558,"CYCLONEDA MUNDA","Illinois","V. Cervantes",2021
57333561,"CYCLONEDA MUNDA","Illinois","M. Gorsegner",2021
57333563,"CHILOCORUS STIGMA","Illinois","M. Gorsegner",2021
57333568,"BRACHIACANTHA URSINA","Illinois","Jack Hughes",2021
57333570,"PSYLLOBORA VIGINTIMACULATA","Illinois","Olivia Ruffatto",2021
57333571,"CHILOCORUS STIGMA","Illinois","V. Cervantes",2021
57343223,"HIPPODAMIA PARENTHESIS","Iowa","Olivia Ruffatto",2021
57343225,"HIPPODAMIA PARENTHESIS","Iowa","V. Cervantes",2021
57343227,"HIPPODAMIA PARENTHESIS","Iowa","M.",2021
57343228,"COLEOMEGILLA MACULATA","Iowa","Jack Hughes",2021
57343230,"HIPPODAMIA PARENTHESIS","Iowa","V. Cervantes",2021
57343232,"COCCINELLA SEPTEMPUNCTATA","Iowa","Olivia Ruffatto",2021
57343234,"COCCINELLA SEPTEMPUNCTATA","Iowa","Olivia Ruffatto",2021
57343237,"COLEOMEGILLA MACULATA","Iowa","Jack Hughes",2021
57343238,"COLEOMEGILLA MACULATA","Iowa","Olivia Ruffatto",2021
57343239,"COLEOMEGILLA MACULATA","Iowa","M. Gorsegner",2021
57343241,"COLEOMEGILLA MACULATA","Iowa","Jack Hughes",2021
57343243,"COLEOMEGILLA MACULATA","Iowa","V. Cervantes",2021
57343244,"COLEOMEGILLA MACULATA","Iowa","Olivia Ruffatto",2021
57343245,"COLEOMEGILLA MACULATA","Iowa","Olivia Ruffatto",2021
57343246,"COLEOMEGILLA MACULATA","Iowa","M. Gorsegner",2021
57343248,"COLEOMEGILLA MACULATA","Iowa","Veronica Cervantes",2021
57343249,"HIPPODAMIA VARIEGATA","Iowa","V. Cervantes",2021
57343250,"HIPPODAMIA PARENTHESIS","Iowa","Jack Hughes",2021
57343251,"HIPPODAMIA PARENTHESIS","Iowa","V. Cervantes",2021
57343254,"CYCLONEDA MUNDA","Iowa","V. Cervantes",2021
57343255,"COLEOMEGILLA MACULATA","Iowa","Olivia Ruffatto",2021
57343257,"HARMONIA AXYRIDIS","Illinois","M. Gorsegner",2021
57343259,"CYCLONEDA MUNDA","Iowa","Olivia Ruffatto",2021
57343261,"HARMONIA AXYRIDIS","Iowa","Marissa Gorsegner",2021
57343262,"HARMONIA AXYRIDIS","Illinois","V. Cervantes",2021
57343264,"HARMONIA AXYRIDIS","Illinois","Olivia Ruffatto",2021
57343265,"HARMONIA AXYRIDIS","Illinois","Marissa Gorsegner",2021
57343283,"HARMONIA AXYRIDIS","Illinois","Olivia Ruffatto",2021
57343284,"HARMONIA AXYRIDIS","Illinois","V. Cervantes",2021
57343286,"HARMONIA AXYRIDIS","Illinois","O. Ruffatto",2021
57343290,"HARMONIA AXYRIDIS","Iowa","Olivia Ruffatto",2021
57343291,"HARMONIA AXYRIDIS","Iowa","Olivia Ruffatto",2021
57343292,"HARMONIA AXYRIDIS","Iowa","J. Hughes",2021
57343293,"PROPYLEA QUATUORDECIMPUNCTATA","Iowa","O. Ruffatto",2021
57343294,"COLEOMEGILLA MACULATA","Iowa","V. Cervantes",2021
57343295,"HARMONIA AXYRIDIS","Iowa","M. Gorsegner",2021
57343296,"HARMONIA AXYRIDIS","Iowa","V. Cervantes",2021
57343297,"HARMONIA AXYRIDIS","Iowa","M. Gorsegner",2021
57343299,"HARMONIA AXYRIDIS","Iowa","J. Hughes",2021
57343302,"CYCLONEDA MUNDA","Iowa","M. Gorsegner",2021
57343303,"HIPPODAMIA CONVERGENS","Iowa","O. Ruffatto",2021
57343304,"COCCINELLA SEPTEMPUNCTATA","Iowa","V. Cervantes",2021
57343306,"COLEOMEGILLA MACULATA","Iowa","M. Gorsegner",2021
57343308,"CHILOCORUS STIGMA","Iowa","O. Ruffatto",2021
57343309,"COLEOMEGILLA MACULATA","Iowa","J. Hughes",2021
57343312,"CYCLONEDA MUNDA","Illinois","O. Ruffatto",2021
57343313,"CYCLONEDA MUNDA","Illinois","J. Hughes",2021
57343314,"PROPYLEA QUATUORDECIMPUNCTATA","Illinois","J. Hughes",2021
57343315,"BRACHIACANTHA URSINA","Iowa","Olivia Ruffatto",2021
57343321,"BRACHIACANTHA URSINA","Iowa","Jack Hughes",2021
57343363,"HARMONIA AXYRIDIS","Iowa","M. Gorsegner",2021
57343366,"HARMONIA AXYRIDIS","Iowa","M. Gorsegner",2021
57343367,"HARMONIA AXYRIDIS","Iowa","J. Hughes",2021
57343368,"HARMONIA AXYRIDIS","Iowa","J. Hughes",2021
57343369,"HARMONIA AXYRIDIS","Iowa","O. Ruffatto",2021
57343372,"HARMONIA AXYRIDIS","Iowa","V. Cervantes",2021
57343373,"HARMONIA AXYRIDIS","Iowa","M. Gorsegner",2021
57343375,"HARMONIA AXYRIDIS","Iowa","V. Cervantes",2021
57343380,"HARMONIA AXYRIDIS","Iowa","M. Gorsegner",2021
57343381,"HARMONIA AXYRIDIS","Iowa","O. Ruffatto",2021
57343382,"HARMONIA AXYRIDIS","Iowa","O. Ruffatto",2021
57343385,"HARMONIA AXYRIDIS","Iowa","V. Cervantes",2021
57343387,"HARMONIA AXYRIDIS","Iowa","J. Hughes",2021
57343388,"HARMONIA AXYRIDIS","Iowa","V. Cervantes",2021
57343392,"HARMONIA AXYRIDIS","Iowa","M. Gorsegner",2021
57343397,"HARMONIA AXYRIDIS","Iowa","M. Gorsegner",2021
57343402,"HARMONIA AXYRIDIS","Iowa","O. Ruffatto",2021
57343404,"COCCINELLA SEPTEMPUNCTATA","Iowa","J. Hughes",2021
57343407,"COCCINELLA SEPTEMPUNCTATA","Iowa","J. Hughes",2021
57343408,"COCCINELLA SEPTEMPUNCTATA","Iowa","V. Cervantes",2021
57343413,"COCCINELLA SEPTEMPUNCTATA","Iowa","O. Ruffatto",2021
57343420,"CYCLONEDA MUNDA","Iowa","J. Hughes",2021
57343428,"HIPPODAMIA PARENTHESIS","Illinois","V. Cervantes",2021
57343430,"PROPYLEA QUATUORDECIMPUNCTATA","Iowa","O. Ruffatto",2021
57343435,"HIPPODAMIA PARENTHESIS","Iowa","J. Hughes",2021
57343442,"CYCLONEDA MUNDA","Iowa","M. Gorsegner",2021
57343444,"PSYLLOBORA VIGINTIMACULATA","Illinois","V. Cervantes",2021
57343446,"CYCLONEDA MUNDA","Illinois","M. Gorsegner",2021
57343447,"HARMONIA AXYRIDIS","Illinois","M. Gorsegner",2021
57343461,"COLEOMEGILLA MACULATA","Iowa","J. Hughes",2021
57343467,"COLEOMEGILLA MACULATA","Iowa","O. Ruffatto",2021
57343468,"COLEOMEGILLA MACULATA","Iowa","V. Cervantes",2021
57343469,"COLEOMEGILLA MACULATA","Iowa","M. Gorsegner",2021
57343471,"COLEOMEGILLA MACULATA","Iowa","J. Hughes",2021
57343474,"COLEOMEGILLA MACULATA","Iowa","O. Ruffatto",2021
57343476,"COLEOMEGILLA MACULATA","Iowa","M. Gorsegner",2021
57343477,"COLEOMEGILLA MACULATA","Iowa","O. Ruffatto",2021
57343478,"COLEOMEGILLA MACULATA","Iowa","V. Cervantes",2021
57343491,"COLEOMEGILLA MACULATA","Illinois","V. Cervantes",2021
57343492,"HARMONIA AXYRIDIS","Illinois","O. Ruffatto",2021
57343493,"BRACHIACANTHA URSINA","Iowa","Jack Hughes",2021
57350313,"HARMONIA AXYRIDIS","Iowa","Veronica Cervantes",2021
57350314,"COLEOMEGILLA MACULATA","Iowa","Marissa Gorsegner",2021
57350316,"CYCLONEDA MUNDA","Iowa","Jack Hughes",2021
57350317,"CYCLONEDA MUNDA","Iowa","Olivia Ruffatto",2021
57350319,"HARMONIA AXYRIDIS","Iowa","Jack Hughes",2021
57350321,"CHILOCORUS STIGMA","Iowa","Veronica Cervantes",2021
57350322,"COCCINELLA SEPTEMPUNCTATA","Iowa","M. Gorsegner",2021
57350323,"CYCLONEDA MUNDA","Iowa","Marissa Gorsegner",2021
57350324,"COCCINELLA SEPTEMPUNCTATA","Iowa","Olivia Ruffatto",2021
57350325,"HARMONIA AXYRIDIS","Iowa","V. Cervantes",2021
57350326,"HARMONIA AXYRIDIS","Iowa","J. Hughes",2021
57350327,"HARMONIA AXYRIDIS","Iowa","O. Ruffatto",2021
57350328,"HARMONIA AXYRIDIS","Iowa","J. Hughes",2021
57350329,"HARMONIA AXYRIDIS","Iowa","V. Cervantes",2021
57350330,"COLEOMEGILLA MACULATA","Iowa","Veronica Cervantes",2021
57350331,"CYCLONEDA MUNDA","Iowa","M. Gorsegner",2021
57350332,"HIPPODAMIA CONVERGENS","Iowa","Jack Hughes",2021
57350333,"COCCINELLA SEPTEMPUNCTATA","Iowa","M. Gorsegner",2021
57350334,"HARMONIA AXYRIDIS","Iowa","V. Cervantes",2021
57350335,"HARMONIA AXYRIDIS","Iowa","O. Ruffatto",2021
57350336,"HIPPODAMIA PARENTHESIS","Iowa","O. Ruffatto",2021
57350337,"HARMONIA AXYRIDIS","Iowa","Olivia Ruffatto",2021
57350338,"PROPYLEA QUATUORDECIMPUNCTATA","Iowa","J. Hughes",2021
57350340,"COLEOMEGILLA MACULATA","Iowa","V. Cervantes",2021
57350341,"HARMONIA AXYRIDIS","Iowa","Marissa Gorsegner",2021
57350342,"PROPYLEA QUATUORDECIMPUNCTATA","Iowa","M. Gorsegner",2021
57350344,"BRACHIACANTHA URSINA","Iowa","Jack Hughes",2021
57350345,"BRACHIACANTHA URSINA","Iowa","Veronica Cervantes",2021
57350346,"BRACHIACANTHA URSINA","Iowa","M. Gorsegner",2021
57350347,"BRACHIACANTHA URSINA","Iowa","O. Ruffatto",2021
57350348,"BRACHIACANTHA URSINA","Iowa","J. Hughes",2021
57350349,"UNKNOWN","Iowa","J. Hughes",2021
57350350,"BRACHIACANTHA URSINA","Iowa","J. Hughes",2021
57350352,"BRACHIACANTHA URSINA","Iowa","Olivia Ruffatto",2021
57350353,"BRACHIACANTHA URSINA","Iowa","V. Cervantes",2021
57350354,"BRACHIACANTHA URSINA","Iowa","V. Cervantes",2021
57350355,"BRACHIACANTHA URSINA","Iowa","M. Gorsegner",2021
57350356,"BRACHIACANTHA URSINA","Iowa","J. Hughes",2021
57350358,"BRACHIACANTHA URSINA","Iowa","O. Ruffatto",2021
57350359,"BRACHIACANTHA URSINA","Iowa","V. Cervantes",2021
57350360,"BRACHIACANTHA URSINA","Iowa","O. Ruffatto",2021
57350361,"BRACHIACANTHA URSINA","Iowa","M. Gorsegner",2021
57350363,"COLEOMEGILLA MACULATA","Iowa","Jack Hughes",2021
57350364,"COLEOMEGILLA MACULATA","Iowa","Jack Hughes",2021
57350365,"COLEOMEGILLA MACULATA","Iowa","Veronica Cervantes",2021
57350366,"COLEOMEGILLA MACULATA","Iowa","J. Hughes",2021
57350367,"HIPPODAMIA VARIEGATA","Iowa","Jack Hughes",2021
57350368,"COLEOMEGILLA MACULATA","Iowa","O. Ruffatto",2021
57350369,"HIPPODAMIA CONVERGENS","Iowa","Jack Hughes",2021
57350370,"COLEOMEGILLA MACULATA","Iowa","M. Gorsegner",2021
57350372,"COLEOMEGILLA MACULATA","Iowa","V. Cervantes",2021
57350373,"COLEOMEGILLA MACULATA","Iowa","O. Ruffatto",2021
57350375,"HARMONIA AXYRIDIS","Iowa","O. Ruffatto",2021
57350376,"HARMONIA AXYRIDIS","Iowa","J. Hughes",2021
57350378,"COLEOMEGILLA MACULATA","Iowa","J. Hughes",2021
57350379,"HARMONIA AXYRIDIS","Iowa","M. Gorsegner",2021
57350380,"HARMONIA AXYRIDIS","Iowa","v. cervantes",2021
57350381,"HIPPODAMIA PARENTHESIS","Iowa","Marissa Gorsegner",2021
57350382,"COLEOMEGILLA MACULATA","Iowa","O. Ruffatto",2021
57350383,"HIPPODAMIA VARIEGATA","Iowa","Veronica Cervantes",2021
57350384,"HARMONIA AXYRIDIS","Iowa","O. Ruffatto",2021
57350385,"HIPPODAMIA PARENTHESIS","Iowa","Jack Hughes",2021
57350386,"HARMONIA AXYRIDIS","Iowa","M. Gorsegner",2021
57350387,"HIPPODAMIA VARIEGATA","Iowa","Jack Hughes",2021
57350388,"HARMONIA AXYRIDIS","Iowa","V. Cervantes",2021
57350389,"HIPPODAMIA VARIEGATA","Iowa","Olivia Ruffatto",2021
57350390,"HARMONIA AXYRIDIS","Iowa","O. Ruffatto",2021
57350391,"PROPYLEA QUATUORDECIMPUNCTATA","Iowa","Marissa Gorsegner",2021
57350392,"PROPYLEA QUATUORDECIMPUNCTATA","Iowa","V. Cervantes",2021
57350393,"PROPYLEA QUATUORDECIMPUNCTATA","Iowa","Olivia Ruffatto",2021
57350394,"COLEOMEGILLA MACULATA","Iowa","M. Gorsegner",2021
57350396,"CYCLONEDA MUNDA","Iowa","J. Hughes",2021
57354751,"HARMONIA AXYRIDIS","Illinois","o. ruffatto",2021
57354756,"HARMONIA AXYRIDIS","Illinois","V. cervantes",2021
57354759,"HARMONIA AXYRIDIS","Illinois","m. gorsegner",2021
57354766,"HARMONIA AXYRIDIS","Illinois","o. ruffatto",2021
57354769,"PSYLLOBORA VIGINTIMACULATA","Illinois","j. hughes",2021
57354770,"PSYLLOBORA VIGINTIMACULATA","Illinois","m. gorsegner",2021
57354771,"PSYLLOBORA VIGINTIMACULATA","Illinois","V. cervantes",2021
57354776,"PROPYLEA QUATUORDECIMPUNCTATA","Illinois","o. ruffatto",2021
57354777,"PSYLLOBORA VIGINTIMACULATA","Illinois","o. ruffatto",2021
57354800,"CYCLONEDA MUNDA","Illinois","V. cervantes",2021
57354802,"CYCLONEDA MUNDA","Illinois","o. ruffatto",2021
57354811,"HARMONIA AXYRIDIS","Illinois","V. cervantes",2021
57354812,"HARMONIA AXYRIDIS","Illinois","j. hughes",2021
57354813,"CYCLONEDA MUNDA","Illinois","o. ruffatto",2021
57354815,"CYCLONEDA MUNDA","Illinois","m. gorsegner",2021
57354816,"CYCLONEDA MUNDA","Illinois","j. hughes",2021
57354818,"CYCLONEDA MUNDA","Illinois","o. ruffatto",2021
57354820,"CYCLONEDA MUNDA","Illinois","m. gorsegner",2021
57354824,"HARMONIA AXYRIDIS","Illinois","m. gorsegner",2021
57354826,"HARMONIA AXYRIDIS","Illinois","m. gorsegner",2021
57354827,"HARMONIA AXYRIDIS","Illinois","V. cervantes",2021
57354830,"HARMONIA AXYRIDIS","Illinois","o. ruffatto",2021
57354832,"HARMONIA AXYRIDIS","Illinois","o. ruffatto",2021
57354834,"HARMONIA AXYRIDIS","Illinois","j. hughes",2021
57354836,"HARMONIA AXYRIDIS","Illinois","m. gorsegner",2021
57354838,"HARMONIA AXYRIDIS","Illinois","V. cervantes",2021
57354839,"HARMONIA AXYRIDIS","Illinois","m. gorsegner",2021
57354840,"COLEOMEGILLA MACULATA","Illinois","M. Gorsegner",2021
57354841,"HARMONIA AXYRIDIS","Illinois","o. ruffatto",2021
57354842,"HARMONIA AXYRIDIS","Illinois","M. Gorsegner",2021
57354843,"HARMONIA AXYRIDIS","Illinois","j. hughes",2021
57354844,"HARMONIA AXYRIDIS","Illinois","Jack Hughes",2021
57354845,"HARMONIA AXYRIDIS","Illinois","o. ruffatto",2021
57354847,"HARMONIA AXYRIDIS","Illinois","V. Cervantes",2021
57354848,"CYCLONEDA MUNDA","Illinois","o. ruffatto",2021
57354850,"HARMONIA AXYRIDIS","Illinois","Olivia Ruffatto",2021
57354851,"HARMONIA AXYRIDIS","Illinois","m. gorsegner",2021
57354853,"HARMONIA AXYRIDIS","Illinois","j. hughes",2021
57354854,"PROPYLEA QUATUORDECIMPUNCTATA","Illinois","Jack Hughes",2021
57354855,"HARMONIA AXYRIDIS","Illinois","V. cervantes",2021
57354856,"PROPYLEA QUATUORDECIMPUNCTATA","Illinois","Olivia Ruffatto",2021
57354858,"HIPPODAMIA CONVERGENS","Illinois","o. ruffatto",2021
57354860,"HARMONIA AXYRIDIS","Illinois","m. gorsegner",2021
57354862,"HARMONIA AXYRIDIS","Illinois","V. cervantes",2021
57354863,"HARMONIA AXYRIDIS","Illinois","j. hughes",2021
57354864,"HIPPODAMIA CONVERGENS","Illinois","V. cervantes",2021
57354868,"HARMONIA AXYRIDIS","Illinois","o. ruffatto",2021
57354869,"HARMONIA AXYRIDIS","Illinois","j. hughes",2021
57354870,"HARMONIA AXYRIDIS","Illinois","V. cervantes",2021
57354871,"HARMONIA AXYRIDIS","Illinois","j. hughes",2021
57354872,"HARMONIA AXYRIDIS","Illinois","m. gorsegner",2021
57354873,"HARMONIA AXYRIDIS","Illinois","o. ruffatto",2021
57354874,"HARMONIA AXYRIDIS","Illinois","m. gorsegner",2021
57354875,"COCCINELLA SEPTEMPUNCTATA","Illinois","j. hughes",2021
57354876,"COCCINELLA SEPTEMPUNCTATA","Illinois","V. cervantes",2021
57354877,"HIPPODAMIA CONVERGENS","Illinois","o. ruffatto",2021
57354878,"HIPPODAMIA PARENTHESIS","Illinois","j. hughes",2021
57356967,"COLEOMEGILLA MACULATA","Illinois","M. Gorsegner",2021
57357160,"COLEOMEGILLA MACULATA","Iowa","Jack Hughes",2021
57363193,"HIPPODAMIA VARIEGATA","Illinois","Jack Hughes",2021
57363274,"CYCLONEDA MUNDA","Illinois","Jack Hughes",2021
57363277,"COLEOMEGILLA MACULATA","Illinois","Olivia Ruffatto",2021
57363281,"UNKNOWN","Illinois","V. Cervantes",2021
57363282,"UNKNOWN","Illinois","V. Cervantes",2021
57363283,"UNKNOWN","Illinois","Jack Hughes",2021
57363285,"UNKNOWN","Illinois","Olivia Ruffatto",2021
57363287,"UNKNOWN","Illinois","M. Gorsegner",2021
57363289,"UNKNOWN","Illinois","Jack Hughes",2021
57363290,"COLEOMEGILLA MACULATA","Illinois","M. Gorsegner",2021
57363292,"UNKNOWN","Illinois","V. Cervantes",2021
57363294,"UNKNOWN","Illinois","Olivia Ruffatto",2021
57363295,"UNKNOWN","Illinois","M. Gorsegner",2021
57363583,"COCCINELLA SEPTEMPUNCTATA","Iowa","O. Ruffatto",2021
57363584,"COCCINELLA SEPTEMPUNCTATA","Iowa","J. Hughes",2021
57363585,"HARMONIA AXYRIDIS","Iowa","V. Cervantes",2021
57363587,"HIPPODAMIA PARENTHESIS","Iowa","M. Gorsegner",2021
57363588,"PROPYLEA QUATUORDECIMPUNCTATA","Iowa","V. Cervantes",2021
57363589,"PROPYLEA QUATUORDECIMPUNCTATA","Iowa","V. Cervantes",2021
57363590,"CYCLONEDA MUNDA","Iowa","J. Hughes",2021
57363591,"CYCLONEDA MUNDA","Iowa","M. Gorsegner",2021
57363592,"CYCLONEDA MUNDA","Iowa","O. Ruffatto",2021
57363593,"UNKNOWN","Iowa","O. Ruffatto",2021
57363594,"COLEOMEGILLA MACULATA","Iowa","J. Hughes",2021
57363595,"PROPYLEA QUATUORDECIMPUNCTATA","Iowa","J. Hughes",2021
57363596,"CYCLONEDA MUNDA","Iowa","M. Gorsegner",2021
57363597,"PSYLLOBORA VIGINTIMACULATA","Iowa","M. Gorsegner",2021
57363598,"PSYLLOBORA VIGINTIMACULATA","Iowa","J. Hughes",2021
57363600,"HIPPODAMIA CONVERGENS","Iowa","V. Cervantes",2021
57363601,"COLEOMEGILLA MACULATA","Iowa","M. Gorsegner",2021
57363602,"BRACHIACANTHA URSINA","Iowa","O. Ruffatto",2021
57363604,"BRACHIACANTHA URSINA","Iowa","Jack Hughes",2021
57363605,"BRACHIACANTHA URSINA","Iowa","V. Cervantes",2021
57363606,"BRACHIACANTHA URSINA","Iowa","M. Gorsegner",2021
57363608,"HARMONIA AXYRIDIS","Iowa","Olivia Ruffatto",2021
57363609,"HARMONIA AXYRIDIS","Iowa","Jack Hughes",2021
57363610,"HARMONIA AXYRIDIS","Iowa","Olivia Ruffatto",2021
57363611,"HARMONIA AXYRIDIS","Iowa","V. Cervantes",2021
57363612,"HARMONIA AXYRIDIS","Iowa","M. Gorsegner",2021
57363613,"HARMONIA AXYRIDIS","Iowa","Olivia Ruffatto",2021
57363614,"HARMONIA AXYRIDIS","Iowa","Jack Hughes",2021
57363615,"HARMONIA AXYRIDIS","Iowa","V. Cervantes",2021
57363616,"UNKNOWN","Iowa","V. Cervantes",2021
57363618,"HARMONIA AXYRIDIS","Iowa","Olivia Ruffatto",2021
57363619,"HARMONIA AXYRIDIS","Iowa","V. Cervantes",2021
57363620,"HARMONIA AXYRIDIS","Iowa","Olivia Ruffatto",2021
57363621,"HARMONIA AXYRIDIS","Iowa","M. Gorsegner",2021
57363622,"HARMONIA AXYRIDIS","Iowa","Jack Hughes",2021
57363624,"HARMONIA AXYRIDIS","Iowa","V. Cervantes",2021
57363625,"HARMONIA AXYRIDIS","Iowa","M. Gorsegner",2021
57363626,"HARMONIA AXYRIDIS","Iowa","Olivia Ruffatto",2021
57363627,"HARMONIA AXYRIDIS","Iowa","V. Cervantes",2021
57363628,"HARMONIA AXYRIDIS","Iowa","Jack Hughes",2021
57363629,"PSYLLOBORA VIGINTIMACULATA","Iowa","M. Gorsegner",2021
57363630,"HARMONIA AXYRIDIS","Iowa","Olivia Ruffatto",2021
57363631,"HARMONIA AXYRIDIS","Iowa","Jack Hughes",2021
57363632,"HARMONIA AXYRIDIS","Iowa","V. Cervantes",2021
57363633,"HARMONIA AXYRIDIS","Iowa","Jack Hughes",2021
57363634,"HARMONIA AXYRIDIS","Iowa","M. Gorsegner",2021
57363635,"HARMONIA AXYRIDIS","Iowa","Olivia Ruffatto",2021
57363636,"HARMONIA AXYRIDIS","Iowa","Jack Hughes",2021
57363637,"CYCLONEDA MUNDA","Iowa","V. Cervantes",2021
57363638,"COLEOMEGILLA MACULATA","Iowa","M. Gorsegner",2021
57363639,"COCCINELLA SEPTEMPUNCTATA","Iowa","Olivia Ruffatto",2021
57363640,"HARMONIA AXYRIDIS","Iowa","Jack Hughes",2021
57363641,"HARMONIA AXYRIDIS","Iowa","V. Cervantes",2021
57363642,"COCCINELLA SEPTEMPUNCTATA","Iowa","V. Cervantes",2021
57363643,"CYCLONEDA MUNDA","Iowa","M. Gorsegner",2021
57363644,"HARMONIA AXYRIDIS","Iowa","Jack Hughes",2021
57363645,"CYCLONEDA MUNDA","Iowa","Olivia Ruffatto",2021
57363646,"CYCLONEDA MUNDA","Iowa","M. Gorsegner",2021
57363720,"HARMONIA AXYRIDIS","Illinois","Olivia Ruffatto",2021
57363722,"HIPPODAMIA PARENTHESIS","Illinois","Olivia Ruffatto",2021
57363729,"HARMONIA AXYRIDIS","Illinois","Olivia Ruffatto",2021
57363735,"COLEOMEGILLA MACULATA","Illinois","Olivia Ruffatto",2021
57363737,"PSYLLOBORA VIGINTIMACULATA","Illinois","Jack Hughes",2021
57363746,"HARMONIA AXYRIDIS","Illinois","Jack Hughes",2021
57363748,"COLEOMEGILLA MACULATA","Illinois","V. Cervantes",2021
57363749,"HARMONIA AXYRIDIS","Illinois","Jack Hughes",2021
57363750,"HARMONIA AXYRIDIS","Illinois","M. Gorsegner",2021
57363751,"COLEOMEGILLA MACULATA","Illinois","Olivia Ruffatto",2021
57363755,"CYCLONEDA MUNDA","Illinois","Olivia Ruffatto",2021
57363756,"HARMONIA AXYRIDIS","Illinois","V. Cervantes",2021
57363759,"COLEOMEGILLA MACULATA","Illinois","Olivia Ruffatto",2021
57363763,"PSYLLOBORA VIGINTIMACULATA","Illinois","Jack Hughes",2021
57363769,"CYCLONEDA MUNDA","Illinois","Jack Hughes",2021
57363771,"PSYLLOBORA VIGINTIMACULATA","Illinois","M. Gorsegner",2021
57363776,"HARMONIA AXYRIDIS","Illinois","M. Gorsegner",2021
57363777,"HARMONIA AXYRIDIS","Illinois","Jack Hughes",2021
57363783,"HYPERASPIS UNDULATA","Illinois","V. Cervantes",2021
57363790,"HARMONIA AXYRIDIS","Illinois","Olivia Ruffatto",2021
57363793,"CYCLONEDA MUNDA","Illinois","V. Cervantes",2021
57363795,"PROPYLEA QUATUORDECIMPUNCTATA","Illinois","Jack Hughes",2021
57364179,"CYCLONEDA MUNDA","Illinois","V. Cervantes",2021
57364182,"PSYLLOBORA VIGINTIMACULATA","Illinois","V. Cervantes",2021
57364186,"PSYLLOBORA VIGINTIMACULATA","Illinois","Olivia Ruffatto",2021
57364187,"PSYLLOBORA VIGINTIMACULATA","Illinois","Jack Hughes",2021
57364196,"COLEOMEGILLA MACULATA","Illinois","M. Gorsegner",2021
57364204,"PSYLLOBORA VIGINTIMACULATA","Illinois","V. Cervantes",2021
57364208,"CYCLONEDA MUNDA","Illinois","M. Gorsegner",2021
57364210,"CYCLONEDA MUNDA","Illinois","V. Cervantes",2021
57364211,"CYCLONEDA MUNDA","Illinois","M. Gorsegner",2021
57364212,"CYCLONEDA MUNDA","Illinois","Olivia Ruffatto",2021
57364216,"CYCLONEDA MUNDA","Illinois","Olivia Ruffatto",2021
57364246,"PSYLLOBORA VIGINTIMACULATA","Illinois","V. Cervantes",2021
57364249,"PSYLLOBORA VIGINTIMACULATA","Illinois","M. Gorsegner",2021
57364251,"CYCLONEDA MUNDA","Illinois","Jack Hughes",2021
57364253,"CYCLONEDA MUNDA","Illinois","Jack Hughes",2021
57364409,"HARMONIA AXYRIDIS","Illinois","o. ruffatto",2021
57382907,"EPARGYREUS CLARUS","Illinois","C. A. Carlson",1966
